<?xml version="1.0" encoding="utf-8"?>
<rss version="2.0" xmlns:sparkle="http://www.andymatuschak.org/xml-namespaces/sparkle">
    <channel>
        <title>Climatic</title>
        <item>
            <title>Version 4.0.2</title>
            <description>A Weather app to check hourly,daily,current weather of current and any city.</description>
            <pubDate>Sat, 19 Sep 2020 12:00:00 +0000</pubDate>
            <enclosure url="https://play.google.com/store/apps/details?id=co.udayweather.climatic" sparkle:version="4.0.2" sparkle:os="android" />
        </item>
    </channel>
</rss>